{
  "publicPath": "/public/",
  "all": [
    "resources/client/assets/images/bg.55db3d93.jpeg",
    "0.7eb3d808.js",
    "1.58330734.js",
    "app.fd53756c.js",
    "vendor.c4c505d7.js",
    "runtime.652d4e0e.js",
    "styles.09d67e74.css",
    "index.html"
  ],
  "initial": [
    "runtime.652d4e0e.js",
    "vendor.c4c505d7.js",
    "app.fd53756c.js"
  ],
  "async": [
    "0.7eb3d808.js",
    "1.58330734.js"
  ],
  "modules": {
    "86710240": [
      3,
      6
    ],
    "0ccde7a8": [
      4
    ],
    "58746dd6": [
      3,
      6
    ],
    "4456ca2c": [
      4
    ],
    "1100a982": [
      3,
      6
    ],
    "9e6fa704": [
      3,
      6
    ],
    "66ec49b7": [
      3,
      6
    ],
    "2f836ea8": [
      3,
      6
    ],
    "29e8a7b0": [
      3,
      6
    ],
    "20f94d07": [
      3,
      6
    ],
    "47425b27": [
      3,
      6
    ],
    "4ff01d98": [
      4
    ],
    "00f9f812": [
      4
    ],
    "1cc86c59": [
      4
    ],
    "ac949570": [
      3,
      6
    ],
    "fec6e02e": [
      3,
      6
    ],
    "5ecb0e4c": [
      3,
      6
    ],
    "8c65b7fa": [
      3,
      6
    ],
    "ea81c34c": [
      3,
      6
    ],
    "5d09696c": [
      3,
      6
    ],
    "55e5decc": [
      3,
      6
    ],
    "4e781afe": [
      3,
      6
    ],
    "76bae8f8": [
      3,
      6
    ],
    "2d8f60d0": [
      3,
      6
    ],
    "ef11cc38": [
      3,
      6
    ],
    "f367d51c": [
      3,
      6
    ],
    "3c746c80": [
      3,
      6
    ],
    "54aa16c4": [
      3,
      6
    ],
    "3ccd4b1a": [
      3,
      6
    ],
    "8671eafe": [
      3,
      6
    ],
    "71ca3560": [
      3,
      6
    ],
    "b3e52084": [
      3,
      6
    ],
    "f089fc76": [
      3,
      6
    ],
    "0d69dc54": [
      3,
      6
    ],
    "449dfdd5": [
      3,
      6
    ],
    "50ffc27c": [
      3,
      6
    ],
    "56106ee9": [
      4
    ],
    "81d4b5ac": [
      3,
      6
    ],
    "5460ad62": [
      3,
      6
    ],
    "d293ed54": [
      1
    ],
    "59b7272c": [
      2
    ],
    "1ba77e24": [
      1
    ],
    "a1db3b1e": [
      1
    ],
    "33deed5c": [
      1
    ],
    "3ce83490": [
      2
    ],
    "5b5f26f4": [
      1
    ],
    "01d9ed02": [
      1
    ],
    "2a20eda3": [
      1
    ],
    "70a49f94": [
      1
    ],
    "171f65a2": [
      1
    ],
    "e87ef4c4": [
      1
    ],
    "7b35bb1e": [
      1
    ],
    "3d66ebf8": [
      1
    ],
    "a2250ee4": [
      1
    ],
    "1d357a87": [
      1
    ],
    "789f7ed6": [
      1
    ],
    "0d63afe7": [
      1
    ],
    "7fd9982c": [
      1
    ],
    "493841c3": [
      2
    ],
    "4dad5251": [
      2
    ],
    "180a2061": [
      2
    ]
  }
}